[{"productids":[0,1,2,3,4,5,6,7,8],"id":"b7gycjmgsrl9mkV4gIxa","date":"2018-7-11 08:24:53"},{"productids":[0,1,2,3,4,5,6,7,8],"id":"6HBnN8RxncgouIS5X9D0","date":"2018-7-11 09:55:50"},{"productids":[0,1,2,3,4,5,6,7,8],"id":"aCohhahqaN2Bs0pLvyD2","date":"2018-7-11 10:20:34"},{"productids":[0,1,2,3,4,5,6,7,8],"id":"X9wueRpPx9hxB7ry0DUE","date":"2018-7-11 10:21:00"},{"productids":[0,1,2,3,4,5,6,7,8],"id":"NrCWpKgAHjkheGXvM5iL","date":"2018-7-12 15:09:49"},{"productids":[0,1,2,3,4,5,6,7,8],"id":"gWupnYUNu2etyQQdDlT6","date":"2018-7-12 15:33:36"},{"productids":[0,1,2,3,4,5,6,7,8],"id":"oQ4jaHwip604I65KjVGm","date":"2018-7-12 15:33:50"},{"productids":[0,1,2,3,4,5,6,7,8],"id":"6PZ7L4z5tR8HJdkgRH3J","date":"8/12/2019, 7:49:42 PM"},{"productids":[0,1,2,3,4,5,6,7,8],"id":"lXYBVRcGHAa3whFlLViP","date":"8/12/2019, 8:39:52 PM"},{"productids":[0,1,2,3,4,5,6,7,8],"id":"EYyYWITnw0DxLQseYWcP","date":"8/12/2019, 8:40:31 PM"},{"productids":[1,2,3],"id":"c9TERYXnjUozdqIzSEzI","date":"2019-8-20 15:35:44"},{"productids":[1,2,3],"id":"xjP5hLUOL0LhapqpLiFZ","date":"2019-8-20 15:36:15"},{"productids":[1,2,3],"id":"UCXqw4GXKgM62oJBDZGv","date":"2019-8-26 09:36:30"},{"productids":[1,2,3],"id":"PItnAQR43RfnGqa7YeOf","date":"2019-8-26 10:12:59"},{"productids":[1,2,3],"id":"KiYSSQLsffmWMsJt5baR","date":"2019-8-26 10:13:25"},{"productids":[1,2,3],"id":"wNY0ywaa8pamB4l3DEfn","date":"2019-8-26 10:20:21"},{"productids":[1,2,3],"id":"oNEQaJQpVjPS4hdjDFL5","date":"2019-8-26 10:21:29"},{"productids":[1,2,3],"id":"VOsJFAgNbc7ZPrFA4gJv","date":"2019-8-26 10:21:52"},{"productids":["order placed by Holger"],"id":"KlTtff4hUgPczbqnQnGV","date":"2019-8-26 11:24:20"}]